ds,yhat,yhat_lower,yhat_upper
2016-09-04,-34.085996987506306,-98.04060303461391,24.72375740667318
2016-09-05,9.424400797167422,-52.597765685375975,75.37083557704236
2016-09-13,9.166709085462262,-48.71776928738119,65.56833790216277
2016-09-15,-4.02405653499377,-65.64391298596682,58.80384861376911
2016-10-02,-29.01256795397203,-89.31498364823746,30.43915707744218
2016-10-03,16.091338696301513,-45.27071937696586,79.62141108913019
2016-10-04,17.52130054384491,-47.1763475863121,78.31029370859649
2016-10-05,16.124514901221588,-44.84346562540176,74.07713230080152
2016-10-06,11.890627822206566,-47.52774670396415,74.7519777072298
2016-10-07,10.538140251902597,-48.464028487378336,71.0334557371552
2016-10-08,-23.27435854904507,-82.57144476697754,39.928861010046035
2016-10-09,-10.244643539306415,-70.4187160807384,50.41135751198794
2016-10-10,33.97029997314372,-30.86910159360801,96.60959122679535
2016-10-22,-40.69580201391143,-102.13881464077205,22.36250808427141
2016-12-23,-38.22475923777582,-101.31247491777474,22.824481960794305
2017-01-05,33.56436696949197,-28.6567883096849,90.83928168021326
2017-01-06,35.612454431479925,-25.36770513109622,96.16075996976923
2017-01-07,4.937960593740939,-56.18005345666933,68.22927094692699
2017-01-08,20.846420032839152,-41.864040175820065,78.87817043069533
2017-01-09,67.7104552215963,8.800420477324506,123.02427558760188
2017-01-10,70.14808213678917,3.617232770694967,135.062476992966
2017-01-11,69.06728753594395,7.343357463188858,132.7569732874111
2017-01-12,64.54184268871086,0.8680590163146173,125.96894906743341
2017-01-13,62.394386044188934,-1.2200413097874978,120.89596537248373
2017-01-14,27.40376843625212,-37.745341913081475,89.56422189143144
2017-01-15,39.00426157898177,-19.685205993737142,104.84569555549277
2017-01-16,81.67804843084481,20.44261382732006,144.492605967239
2017-01-17,80.14259453329697,20.559111358670375,143.30631424483198
2017-01-18,75.3931645685526,12.046373785464253,135.87809394895535
2017-01-19,67.57698074664225,-1.470635449705907,126.6785477046785
2017-01-20,62.57508579456147,-0.872311172808484,125.3111340806825
2017-01-21,25.208921841492508,-35.792689028343005,88.35695513248788
2017-01-22,34.939230854123664,-30.358212865633533,92.12120581680018
2017-01-23,76.27059826106894,11.150907270571615,140.40450192845427
2017-01-24,73.90366523389011,11.024929373086936,130.79292061391604
2017-01-25,68.81435047756082,3.914750488273948,131.00276591570727
2017-01-26,61.11742930093763,-0.2700749386546434,124.1311897875544
2017-01-27,56.65003667496737,-0.5784899056086896,116.53733556476158
2017-01-28,20.180137788630276,-41.98813549321839,82.2345940059692
2017-01-29,31.107509399320953,-31.164961122166446,89.48853467751763
2017-01-30,73.85857703028182,12.151218507912654,136.82547694356492
2017-01-31,73.07661997915046,7.381337289436,133.09145032367545
2017-02-01,69.66751042348244,8.572626663185513,127.90833018592302
2017-02-02,63.67737745958505,3.191480200616326,126.28992277890772
2017-02-03,60.878148461526216,-2.2927830394639024,122.80312216527022
2017-02-04,25.977867271077294,-39.00371088796112,88.6536506899976
2017-02-05,38.32328490602054,-19.79354847499416,99.37258940063363
2017-02-06,82.29602858106158,22.91234104500111,142.77497532361068
2017-02-07,82.50383102250554,23.172070706825437,142.57745187419758
2017-02-08,79.83640210809199,18.084498842668562,143.62343915516183
2017-02-09,74.3151447958125,16.81538968786916,136.57553493565118
2017-02-10,71.70702633284345,11.638436964154394,134.22276790936235
2017-02-11,36.72515663133705,-20.810747745926754,99.01048392144678
2017-02-12,48.73076853430649,-11.335439321898692,108.97402714381586
2017-02-13,92.12849857765973,32.51474166844921,152.30723742852467
2017-02-14,91.55648644988277,31.922623571056434,154.75607958038918
2017-02-15,87.931481928343,25.70893465728767,154.9888644094336
2017-02-16,81.32538779745425,20.894381131066115,143.851183184
2017-02-17,77.5492424793845,15.583978913040653,135.1642092079726
2017-02-18,41.36160503490689,-16.691976018578938,106.53761782942772
2017-02-19,52.16891099550745,-11.554615432338,112.79615249568394
2017-02-20,94.4191848006792,33.62970609369983,154.4158475779611
2017-02-21,92.79067543425964,31.17653168839443,154.68392098419966
2017-02-22,88.23564805435643,26.039416193696624,148.2843400479885
2017-02-23,80.85579852261257,19.834424460447917,147.3156287394622
2017-02-24,76.48532628656184,13.526381882560996,135.65018231546924
2017-02-25,39.90585389595017,-19.726280883878204,103.17759870406616
2017-02-26,50.52477068920676,-8.19718804997788,113.6520958344201
2017-02-27,92.79040818156459,31.83307150343658,153.5299004164397
2017-02-28,91.37359883137904,28.991914468559724,149.32541582217692
2017-03-01,87.21184885991214,25.413819145056266,147.42460749127596
2017-03-02,80.38537356399205,19.185312117732305,139.81241458787213
2017-03-03,76.70100629535887,17.671321577759034,142.29989615674188
2017-03-04,40.90093735079143,-23.34724591950128,100.47652479612358
2017-03-05,52.363831425493316,-4.942911417256469,116.32401009771922
2017-03-06,95.49967707076783,36.6586277148332,158.88431084633493
2017-03-07,94.93989111271475,29.56882308979606,156.28173958192764
2017-03-08,91.58285745844037,26.75931881468892,149.5469875343234
2017-03-09,85.47130591087657,20.795669690466255,149.773812191916
2017-03-10,82.37749929405501,17.998688906054678,140.33898780927322
2017-03-11,47.01314493227967,-17.688415654542705,109.23191774710622
2017-03-12,58.73154281260866,-2.1946625406002096,119.8087487125047
2017-03-13,101.92646152166193,38.76325480107932,167.06981207970344
2017-03-14,101.21339432275764,43.712335137535526,161.8305316247311
2017-03-15,97.48504603569113,28.48390563829541,160.06927660423153
2017-03-16,90.7857543181104,31.015472699113968,155.7132213496688
2017-03-17,86.896654230775,24.37694972640631,149.4485774300743
2017-03-18,50.545336008902154,-12.541063510085507,112.84839829611323
2017-03-19,61.107518480446146,3.08125975017043,120.56438947069935
2017-03-20,103.00207712394105,44.65233766795468,163.38369710169422
2017-03-21,100.88094733908059,37.560829726609754,165.10136157121755
2017-03-22,95.67409195124718,32.458990740683745,157.7504744952531
2017-03-23,87.46595969748314,25.06119723230875,145.43597809236698
2017-03-24,82.07943485102129,20.88312441420658,143.700815087294
2017-03-25,44.284235483852015,-18.516254708044855,112.11512184553406
2017-03-26,53.497322349872434,-13.914480241158785,113.78757988090692
2017-03-27,94.17669665813457,29.684573080071587,156.88457379636156
2017-03-28,91.01014510645247,30.146643266121792,150.2737478135351
2017-03-29,84.95915633541894,29.489230597504264,142.063122446889
2017-03-30,76.13446704594367,14.22939253746585,138.75097642662575
2017-03-31,70.37926462959904,12.17018879934886,134.15103323480773
2017-04-01,32.477025274461774,-29.426760192519822,95.6279824671354
2017-04-02,41.8515647993772,-21.928397186442197,103.6273937163836
2017-04-03,82.96068936670103,24.13095914263012,146.53892355964422
2017-04-04,80.48500664751283,15.754917432692832,141.53957088317705
2017-04-05,75.37211715986203,10.528020331770756,136.38294440334698
2017-04-06,67.71263306648704,4.051658886077394,127.92564662548972
2017-04-07,63.32403443591385,-1.221270459852131,127.73223778284606
2017-04-08,26.959319432049405,-37.63845923991206,92.07653112697598
2017-04-09,38.00799864507539,-20.15719132754534,97.3226492386694
2017-04-10,80.89078981478875,23.670960157784894,144.14529850821563
2017-04-11,80.24953984560966,18.252609588392605,140.0480138945411
2017-04-12,76.99255844714244,14.482289444558926,139.95441256549
2017-04-13,71.17177472843599,5.978932364412739,134.4673668433623
2017-04-14,68.56769138871559,7.4706377963441595,134.13336796962355
2017-04-15,33.89905902128893,-29.960242304584195,90.46552308631362
2017-04-16,46.52479014605435,-12.275150858381547,105.67085581050289
2017-04-17,90.83944143898164,31.68705225880851,152.61617754224278
2017-04-18,91.46376840775896,29.969788768559155,154.7076817093536
2017-04-19,89.29051911400019,28.22577924468161,144.69610715015756
2017-04-20,84.36186627125294,25.488927522743484,144.91284932428138
2017-04-21,82.45444633006558,14.708653146098246,142.2429664190377
2017-04-22,48.28892844648355,-14.527116156925386,108.85511119879548
2017-04-23,61.23163878316335,-0.22224626075080708,126.28330763129752
2017-04-24,105.68958113830291,43.896878169226895,168.50303283572558
2017-04-25,106.30037544750618,48.88210919471423,161.53634372118617
2017-04-26,103.97730312136724,39.64214105589104,162.24669940776462
2017-04-27,98.78588491661496,32.49796334748052,159.89431636344375
2017-04-28,96.52798950968622,37.010999333067716,159.36365441224396
2017-04-29,61.95042743479678,-3.449628052971247,122.74094982587116
2017-04-30,74.44558880272537,15.78227373896892,136.64272807074238
2017-05-01,118.44549875014314,53.88267261057535,182.7963368388245
2017-05-02,118.6108444789397,58.65520740742056,184.6810738389262
2017-05-03,115.87519277169058,51.578265087892454,177.02474689700028
2017-05-04,110.32085097633963,49.341809623123645,170.52111178551658
2017-05-05,107.76239300042847,50.11028927180593,171.38487798576114
2017-05-06,72.9548238332589,12.13160768381487,131.83142034422374
2017-05-07,85.29395472130287,26.128391045456112,142.27905836494423
2017-05-08,129.21037123091202,69.2190496822184,191.3938003082783
2017-05-09,129.35855023659238,65.76231709701331,189.60247660340642
2017-05-10,126.6613414592518,64.92966359661739,186.7870607163274
2017-05-11,121.18625724577132,59.68338206833979,182.92916461767948
2017-05-12,118.72957753603768,56.653499856898414,181.61651637076466
2017-05-13,84.02522398288382,21.57512986250618,138.19366612403044
2017-05-14,96.44595149757984,37.6334363103724,158.09742712335785
2017-05-15,140.39821207697992,78.97025287378317,198.8619044439338
2017-05-16,140.5122169127057,75.04432487594622,202.62604982331763
2017-05-17,137.68738080730256,74.2104751397089,198.063520302958
2017-05-18,131.96956005783105,67.91248493027604,193.9317547264665
2017-05-19,129.13605898143842,67.43403319808759,190.11240266732614
2017-05-20,93.90532841236701,31.454719335178012,149.69227215221235
2017-05-21,105.63887631589293,44.80431505650369,163.51750532566075
2017-05-22,148.7367205335073,86.80620475462223,215.12255086700293
2017-05-23,147.82788893963937,85.57733844637418,213.4375805149617
2017-05-24,143.81613498105258,81.10612914049365,205.16995516714005
2017-05-25,136.75726927857608,76.52331193354702,197.42173690066514
2017-05-26,132.44407726532097,65.2366486376002,191.01758308257175
2017-05-27,95.61574709062035,33.70094308469529,158.32056506391862
2017-05-28,105.65933454027743,45.97957913152059,164.54277323387794
2017-05-29,147.00460723045808,85.40464874933407,202.5480381858295
2017-05-30,144.31379085097,87.49708041242303,201.07395447191965
2017-05-31,138.52640763623046,77.63669777687078,195.63882906815294
2017-06-01,129.73563397850532,67.95488804118477,189.1820470585645
2017-06-02,123.77217668035571,63.75426177549942,182.86519123690272
2017-06-03,85.41262344424571,22.02460682326895,149.22334997689924
2017-06-04,94.07982814675327,31.979466532871857,153.97683333301688
2017-06-05,134.23670572840408,68.54660459310571,194.27574481530246
2017-06-06,130.5749923960907,66.16660775822129,190.4347162770538
2017-06-07,124.05919199830855,63.77319389624363,182.85434210547587
2017-06-08,114.80216348412424,48.661060656876266,178.0742780314814
2017-06-09,108.64837321883397,45.370310638309384,168.2993535718966
2017-06-10,70.38178806892083,9.3416343651364,129.0551955768251
2017-06-11,79.4259839473599,24.936014753556854,143.9603745285831
2017-06-12,120.23785476814368,58.809203166167606,181.11384198987295
2017-06-13,117.49648067177044,56.38538951587195,179.10802818500662
2017-06-14,112.14737404459288,49.094110724616556,175.20363529245262
2017-06-15,104.278549937786,39.40066709885124,163.53529526900027
2017-06-16,99.70443070987938,43.26282263433131,165.60994892751125
2017-06-17,63.17454163307751,6.043023018475252,124.69177828298866
2017-06-18,74.07454834518838,12.976671778768372,132.65492613101003
2017-06-19,116.82099338070897,58.74684511194598,186.6414463104889
2017-06-20,116.05125987679291,58.028723453675376,176.09462173161066
2017-06-21,112.66894811245074,55.018528204223955,173.94252221930705
2017-06-22,106.72107753628732,44.22167337213986,168.5712575787725
2017-06-23,103.98309013120843,44.63642098667668,164.98824567163146
2017-06-24,69.1685789030971,9.515281599392114,127.6573331431077
2017-06-25,81.63126147504975,21.655884646896798,142.13451157299463
2017-06-26,125.76052813056644,67.16735400782026,186.50170211295503
2017-06-27,126.17206839710475,63.66554660917623,186.57830964985104
2017-06-28,123.75374244758191,62.714812897448574,184.24426183052012
2017-06-29,118.5430958358379,54.799739376052166,179.48181420866246
2017-06-30,116.31248494689747,53.83181041566868,176.576668887113
2017-07-01,81.7787344259734,16.91150085303328,142.3877987761889
2017-07-02,94.30485006053232,34.8711474441208,151.73550378409274
2017-07-03,138.2951258644654,74.85997011353047,201.19876249479194
2017-07-04,138.3851644766154,74.86288666732419,201.64487506276285
2017-07-05,135.48699727694967,68.06441632864411,195.61393304719502
2017-07-06,129.6657274614634,66.4922333165623,193.0448037996506
2017-07-07,126.72369177995263,63.37337430848956,188.59037894457344
2017-07-08,91.40909344982626,33.1720554002,156.1140620181598
2017-07-09,103.11666277429269,36.75111587558731,163.308596711664
2017-07-10,146.28171806479583,88.42009361841357,203.56093717745185
2017-07-11,145.56917954802276,84.76778282512868,208.68201725288202
2017-07-12,141.91775491432975,80.76543165688581,206.64864742253553
2017-07-13,135.41574952931717,74.02777379966723,197.55391820583094
2017-07-14,131.88452359036614,76.08950739520778,196.52112215322117
2017-07-15,96.08657103491446,32.247465369893355,156.62750117740626
2017-07-16,107.42579415737228,49.435992344475075,170.15362474712384
2017-07-17,150.3413584801974,87.65008994216936,205.20550795046168
2017-07-18,149.49668663962154,91.26833424331666,210.71287900213835
2017-07-19,145.82380993889413,87.92906232836258,210.98334207399583
2017-07-20,139.3995245697372,74.00244819571435,198.2401427653072
2017-07-21,136.02936242169443,70.04752003831281,198.89626172657705
2017-07-22,100.45633442547967,40.2390900366072,166.08734834513382
2017-07-23,112.06199713233934,49.31311793006237,170.8803984166722
2017-07-24,155.26120057704745,94.24648690467531,216.86046668773906
2017-07-25,154.6920458298562,90.64348039274013,214.16722937023113
2017-07-26,151.261238137591,88.96557557165977,215.666571233181
2017-07-27,145.02124841256347,83.9398853180729,204.08471307669257
2017-07-28,141.75525885207514,84.24373115990309,206.01906410908904
2017-07-29,106.18681626373132,47.02218096986146,169.1034655216322
2017-07-30,117.6817127310299,56.69667400981827,178.31316240869887
2017-07-31,160.64342252167387,96.35764536513335,218.47726561448786
2017-08-01,159.7035988420245,96.2423623785031,219.9167666454796
2017-08-02,155.76779624394828,93.45388870747463,219.28295681369056
2017-08-03,148.89281681909245,90.94359160735108,211.78591623611192
2017-08-04,144.87164734618094,84.97164091185309,203.96384143546263
2017-08-05,108.44290870372564,45.32868965987847,169.28760124028955
2017-08-06,118.99234134727226,54.437987629567516,177.79302871595053
2017-08-07,160.94766649068737,101.13201321222087,227.58049415544346
2017-08-08,158.96834328131152,96.47033327369701,218.4636969434875
2017-08-09,153.9904102859295,93.98580912209401,212.80810904191137
2017-08-10,146.10283689227347,86.97887142445197,208.12171105125876
2017-08-11,141.13138345551815,81.84675594584097,202.11858555226124
2017-08-12,103.8469263705612,39.73152103988338,164.32173453195028
2017-08-13,113.66580892282337,49.75720003204742,172.31925047145253
2017-08-14,155.04359541302085,92.41571020159314,212.93073096941603
2017-08-15,152.66378664298247,85.53334162268189,214.398120729373
2017-08-16,147.48172123621958,86.25139290965714,207.6599868640841
2017-08-17,139.60012193633176,74.68153983854931,200.95840680004835
2017-08-18,134.85231543226436,75.81625383456335,193.2233473616798
2017-08-19,98.01010678322729,34.78873143520603,159.21699900523515
2017-08-20,108.48388847651805,45.34071677585877,173.11798102816323
2017-08-21,150.71637438879713,86.04061846516026,209.9595438267626
2017-08-22,149.3715224383701,88.52370692615686,209.7486004601304
2017-08-23,145.37886915905193,83.63196430462226,213.1688349253448
2017-08-24,138.80972632907915,78.35544732736551,204.28670408568485
2017-08-25,135.46125231084682,74.81059290911664,197.87205409041206
2017-08-26,100.0653563274868,40.50500299419965,162.63969180727818
2017-08-27,111.98998665314954,49.41203727774267,174.34278102526608
2017-08-28,155.6341584827154,91.66562202171212,217.74556549614087
2017-08-29,155.61824644216705,89.4827650911124,216.3125783634246
2017-08-30,152.8297225372448,87.26093038670294,218.63965085552806
2017-08-31,147.30074561858456,86.19956013013558,207.70500064247025
2017-09-01,144.793569975871,85.78470473607223,205.30161326795033
2017-09-02,110.0106870870127,45.12674652996028,172.2756065939736
2017-09-03,122.29720940300557,61.349009035369804,184.0683648533346
2017-09-04,166.03681332411352,103.2252016771877,229.85108148551004
2017-09-05,165.842732491605,107.39229572780799,226.5368013004498
2017-09-06,162.60395428012683,94.82299331977343,225.61673870459265
2017-09-07,156.36300467503767,95.67314465685334,216.7869617019685
2017-09-08,152.90127546677152,89.77141415396602,214.01185483628524
2017-09-09,116.94880371629449,54.9615997732024,175.7292613069511
2017-09-10,127.88601523390722,66.62754072210527,186.55499149482702
2017-09-11,170.1387621171237,109.79793162708059,234.6179076420008
2017-09-12,168.36816639821967,106.40790839222727,230.8393048441569
2017-09-13,163.5154518023915,103.7845168397281,226.89316515818462
2017-09-14,155.67818523130296,95.5077022837674,219.74152718320465
2017-09-15,150.69392530524408,89.44179088166534,213.81280187148005
2017-09-16,113.34823532562966,52.677430051042975,177.25667448673346
2017-09-17,123.0746254802265,61.129658428529744,182.20222459047815
2017-09-18,164.34780859171084,102.53957781572359,221.90682038080803
2017-09-19,161.87183708881903,101.19718459041142,228.77681936644206
2017-09-20,156.6233579626498,98.52428664688415,216.26720594350905
2017-09-21,148.7264596146711,87.88037745832409,211.68266619159863
2017-09-22,144.03515613962725,81.25841796898604,205.40906342361325
2017-09-23,107.34050901950447,45.67364009536906,170.1188549103909
2017-09-24,118.06998636959875,55.16294044678876,178.21544480550992
2017-09-25,160.6804717244389,103.85977785010358,216.87209722185423
2017-09-26,159.84650759098193,99.6790035551977,223.99502586451104
2017-09-27,156.50401867324032,98.96958784904126,220.63464343202926
2017-09-28,150.72598603989448,90.14109589336111,214.35334209436908
2017-09-29,148.30610447408614,88.29307965426223,208.76230243233573
2017-09-30,113.96739905658676,53.84285510187308,174.5401962324703
2017-10-01,127.06336731372917,64.7498387098351,188.5089774766268
2017-10-02,171.97301506703175,112.44269896824771,232.70735278927913
2017-10-03,173.29131985517546,111.09553704918237,233.3924082508099
2017-10-04,171.87530776266834,111.01367196490494,233.3291553095059
2017-10-05,167.7221505781667,103.8491857670721,227.81317464954347
2017-10-06,166.55524730719762,106.93798396135192,228.59658137296444
2017-10-07,133.0351959292899,73.95370720694922,192.93350950444446
2017-10-08,146.46315157672632,91.31060048622952,205.60846826338332
2017-10-09,191.17787117428347,131.39346330239027,254.90352361131735
2017-10-10,191.7479140673859,131.5073629111684,250.69724884024208
2017-10-11,189.01912665794248,126.97363077784887,252.578742549137
2017-10-12,182.99376703971086,120.63076087222225,241.40027660684993
2017-10-13,179.41719264867072,117.04836775374437,241.3774027377056
2017-10-14,142.98898624244976,82.45944882788228,201.97740569216649
2017-10-15,153.06599763930654,94.77387283429472,212.77533912936235
2017-10-16,194.05859504380754,131.6815920059093,258.29487718189176
2017-10-17,190.62160256114555,122.90240093300103,248.04711044168684
2017-10-18,183.70007152016365,119.14228994294005,247.0320136590815
2017-10-19,173.40627489812178,110.39249811692304,233.59145836801434
2017-10-20,165.60389281299985,103.95703433116091,228.10160593069196
2017-10-21,125.1163208812611,63.790433904885624,187.81479112379927
2017-10-22,131.42664530563513,72.55215507110331,195.30272654550544
2017-10-23,169.07065334091448,114.01461897324863,230.3584291621407
2017-10-24,162.82443709392965,100.55804146366229,226.15029164116947
2017-10-25,153.74682405648613,90.77564389849165,214.92256923413797
2017-10-26,142.05311189854467,80.69125232723597,207.1012498936009
2017-10-27,133.69616307578693,74.16000597831889,196.61754916039467
2017-10-28,93.57187692390848,29.342030266479338,156.60521410990907
2017-10-29,101.21666363257266,38.89545277728306,161.95813598826558
2017-10-30,141.19836246538085,79.93005145237261,201.74410874168652
2017-10-31,138.30222674036133,77.53661506888774,200.44479482768216
2017-11-01,133.57226256434018,70.69796631152322,204.95154813319164
2017-11-02,127.18443961477985,64.71547682921315,185.75066921097255
2017-11-03,125.02785693374602,56.658895434701414,186.66741576211933
2017-11-04,91.91089323093368,31.794217918424998,150.53808038426462
2017-11-05,107.2599630528567,48.41309832109541,174.6872022277755
2017-11-06,155.51230235670096,93.30945624489705,213.45350103862887
2017-11-07,161.30437188964706,98.45004890216383,222.41662466658164
2017-11-08,165.51611659124615,101.93557319845371,224.42218810267258
2017-11-09,168.14753692875877,107.15109238009883,226.3813330130194
2017-11-10,174.9035804947499,115.11470516974286,240.6101979476673
2017-11-11,150.4042987263722,90.76047025703049,212.7626566739324
2017-11-12,173.88779605684988,110.2515277555812,235.67778939843984
2017-11-13,229.6072963169621,163.6296579363109,293.41451342228476
2017-11-14,242.02381143387493,179.98964975052445,307.2867544780507
2017-11-15,251.85454671644678,184.82105768443594,311.9184093070128
2017-11-16,258.9533962956048,197.89843217486927,319.6175906718078
2017-11-17,268.89943906123494,209.19233489619347,331.8706169277275
2017-11-18,246.2102883685822,183.42761824086173,307.7791482236341
2017-11-19,270.0477414902869,206.94037674157957,330.037462653405
2017-11-20,324.61698226535043,263.0722354308138,383.3119080510922
2017-11-21,334.3607649220163,276.41413779932753,396.2500081326916
2017-11-22,340.0086706708585,280.5799979263729,400.67283244493757
2017-11-23,341.45776399766544,277.79461661280715,397.99143290969226
2017-11-24,344.3605491090784,281.3608835408468,409.17470720950297
2017-11-25,313.33708702008084,252.67933296847946,375.7700973619597
2017-11-26,327.6787433872988,266.23438780899704,387.2155487198099
2017-11-27,371.74486172663944,304.8554513296888,435.8573738088918
2017-11-28,370.1538452671713,306.8230394938061,429.53416322659797
2017-11-29,363.8288104036717,302.70134147055603,430.87336269203496
2017-11-30,352.87422105386236,288.96382568621254,415.7577836958625
2017-12-01,343.15949773192654,279.8014881299355,407.6576690033048
2017-12-02,299.5265631795907,241.66809579800744,362.56849355748767
2017-12-03,301.48890167273737,242.02116853028997,366.12469911881516
2017-12-04,333.6235359789284,273.27509899023744,388.4482955279545
2017-12-05,320.7575161438089,256.79472305199346,380.3485812831462
2017-12-06,304.00918949268896,245.196926727756,367.48745650023375
2017-12-07,283.6607637383569,217.3230312183989,342.0244119701633
2017-12-08,265.73825121502904,205.61106406169682,328.5664878111108
2017-12-09,215.21584023846816,151.7306749285653,275.0974663268838
2017-12-10,211.71234265716768,151.258324311283,269.8910045964449
2017-12-11,239.88117955357538,181.19995269229386,302.27492284459316
2017-12-12,224.59554190470072,160.83966290803173,286.1787277615995
2017-12-13,206.98902184883926,142.46712741992505,269.20433326122674
2017-12-14,187.32823594376475,123.53916750408928,248.80549938466467
2017-12-15,171.59352052871787,107.1452082661353,233.31640498076393
2017-12-16,124.68472101098865,65.95112025904545,185.37330337032535
2017-12-17,126.11968360199664,64.03294471910733,189.60918633949447
2017-12-18,160.4268561863309,98.97841640786802,226.29316464580333
2017-12-19,152.3335664685405,93.79319982180526,213.59272262463344
2017-12-20,142.8101928861695,82.18290092344681,206.19602783963495
2017-12-21,131.94665996920543,70.58052827516377,194.6449084531868
2017-12-22,125.53724185895643,65.65044719636379,187.6487935186009
2017-12-23,88.29059439258188,29.332993780517263,150.39691588410645
2017-12-24,99.53252127460196,42.67219401587131,162.48549760081008
2017-12-25,143.60277855854048,89.40910980593779,206.45152289272195
2017-12-26,145.04738641475916,80.46217224989071,208.26614928850515
2017-12-27,144.66657024018696,77.6890715259428,202.02611432916203
2017-12-28,142.39467738856098,79.6325677372084,205.18640525898203
2017-12-29,143.8865309126531,80.41728278754414,209.55710962459474
2017-12-30,113.73431232330466,57.40190300411577,179.19965384327597
2017-12-31,131.1679586441894,71.94229343910034,193.61571434686928
2018-01-01,180.45481231656603,116.22340139192724,241.47529313813516
2018-01-02,186.09273718227305,123.22401523585356,244.31067169142213
2018-01-03,188.8582642619693,128.00269693145765,249.28982905133333
2018-01-04,188.6861234867927,126.0477365033908,254.0790410756155
2018-01-05,191.2560943691136,130.73099675588534,252.05976210874053
2018-01-06,161.20407096331064,100.0502429486018,227.22054092166994
2018-01-07,177.8248474405754,119.27214960255519,234.8241974088771
2018-01-08,225.46795468368504,163.77180878457196,289.0722566148875
2018-01-09,228.7280672912164,168.20296730160456,291.2003880795585
2018-01-10,228.49017594191056,166.6277653218943,290.2105133850411
2018-01-11,224.80596444989683,166.78397218389495,289.53117797971464
2018-01-12,223.47741031328493,164.65516458812388,279.69489893274823
2018-01-13,189.26459024430227,123.7091069910244,251.30768064262662
2018-01-14,201.5847526430774,139.0636450910031,261.4524178677352
2018-01-15,244.90671010380436,177.06410610367504,306.12802197338607
2018-01-16,243.93685981880853,182.79011403287006,306.7221295107607
2018-01-17,239.66237794765505,179.3127568384878,304.61909205354897
2018-01-18,232.2254407756996,166.2038462334742,290.68042367436965
2018-01-19,227.5050652510255,168.18160558388044,289.0109132116607
2018-01-20,190.32358376328725,129.3708126555866,245.45365786524374
2018-01-21,200.1453645325958,136.85286960411645,262.96983166937247
2018-01-22,241.46919612614585,178.18960503031,298.8972879661819
2018-01-23,239.01592471427358,179.80595554563274,302.1939382278288
2018-01-24,233.7715879498152,172.53640351154868,295.2444612913935
2018-01-25,225.86251262414964,165.80182912739076,287.98051320073273
2018-01-26,221.13840138848917,161.38782188640874,283.83112772508815
2018-01-27,184.3803755428665,127.74445031046325,241.14767381887208
2018-01-28,195.00152986521275,130.95701219019236,260.1082199258004
2018-01-29,237.4413567987361,177.16955147974377,296.32871445441265
2018-01-30,236.35531784619437,171.08642268070273,293.0678608967766
2018-01-31,232.66096707679029,170.42545055176973,293.51095775429246
2018-02-01,226.41457037787976,163.13386734430804,285.27079544117123
2018-02-02,223.39663672467998,158.33392589634067,281.16200665554317
2018-02-03,188.32203862971565,131.50605347882316,244.98513741640537
2018-02-04,200.5424670372444,141.96150959076743,263.19094744881846
2018-02-05,244.4425284629339,190.29726480236877,305.31749857559686
2018-02-06,244.6309664142377,177.21398386676472,304.26908476361467
2018-02-07,241.9871514605852,179.34302484541217,304.37806661054094
2018-02-08,236.5392173252591,175.42093387604274,298.28180280894367
2018-02-09,234.04979055310977,177.1087363632459,300.05884078732095
2018-02-10,199.22621700059685,137.94696191564046,262.304135689364
2018-02-11,211.42279281781543,148.15433737803917,271.5529235298275
2018-02-12,255.03632539370838,192.36817548254632,318.2667260651114
2018-02-13,254.69653285268234,194.17128280543943,315.4267930099158
2018-02-14,251.31146090393594,193.8541667307541,313.95697122246133
2018-02-15,244.94433551600557,181.80401744555436,305.7373005176496
2018-02-16,241.39784536254268,180.8256473727876,303.2745558181599
2018-02-17,205.42280745095377,140.70350118756235,264.8170481312871
2018-02-18,216.4187759574037,158.6607204943168,281.799597361338
2018-02-19,258.82797265117057,196.40766298359048,316.8144993045188
2018-02-20,257.3240993629937,194.96267876564067,320.3657054761698
2018-02-21,252.85626056403336,193.87902211949807,311.8665878368038
2018-02-22,245.52445976711277,183.24514796052273,303.50316517973556
2018-02-23,241.16270360257246,179.70758866897145,303.30808142254006
2018-02-24,204.54670046332714,139.250558637888,265.7621463590647
2018-02-25,215.09373989792275,154.05728893371375,275.8892831601661
2018-02-26,257.25614931866096,196.83098681564715,320.5236867398619
2018-02-27,255.70989828064958,197.88762616318797,315.3943186805095
2018-02-28,251.39857968612134,183.43504961303472,313.69546427646856
2018-03-01,244.4092245124103,184.20615891356508,308.26546351363623
2018-03-02,240.5559687805203,180.9810456702669,303.91291042521436
2018-03-03,204.58853710900053,139.8276228206043,264.25140489493873
2018-03-04,215.89309989818724,156.069491560073,277.82055859464685
2018-03-05,258.88686600408136,197.6917950330425,317.59748360453204
2018-03-06,258.2079420497408,199.06079343755303,321.06422523586554
2018-03-07,254.76064549974205,195.71798085578067,315.4242301731842
2018-03-08,248.5926841082695,187.92267446409227,310.3787493335733
2018-03-09,245.48017610616847,184.65307390608757,309.8408387578103
2018-03-10,210.13743213462786,151.58547097316034,270.6314142233328
2018-03-11,221.9190149837505,163.21719124558496,282.3905187616088
2018-03-12,265.2154015970999,203.08646528273192,328.05395989734177
2018-03-13,264.64374579052844,201.94650601556535,319.74429632146484
2018-03-14,261.09390176604796,199.9996099139367,320.12722479330404
2018-03-15,254.6061003989356,191.39437346635881,311.3579364840549
2018-03-16,250.95623900479083,187.60515562918326,312.0371806782643
2018-03-17,214.86569924023826,156.79244997494789,275.01863236040634
2018-03-18,225.70321024943286,162.664596370421,286.6871539837431
2018-03-19,267.88008985446476,207.07520773588053,325.54925975222056
2018-03-20,266.04037750320157,207.7928673635037,324.1140827210918
2018-03-21,261.1060406973967,199.00441478592526,324.64284133138415
2018-03-22,253.15367413563723,191.4732931195883,315.5953021359289
2018-03-23,247.99868424427595,183.95369745160548,311.97030064376503
2018-03-24,210.40390936979395,147.5220288978976,269.2128591839402
2018-03-25,219.78023086851974,160.66598471887622,282.0519905044546
2018-03-26,260.5805473046225,205.3986949262951,321.4892309150393
2018-03-27,257.4886649296946,195.99927022171454,317.4661356688639
2018-03-28,251.46332444339,186.77721406930488,314.4461094520969
2018-03-29,242.61381918749083,184.57653069166642,308.08473757948633
2018-03-30,236.7832299095358,172.01503018138894,296.7210142771754
2018-03-31,198.75625440572162,139.55943304438566,260.6495438500358
2018-04-01,207.95921006362516,141.18443320067283,271.3912430193997
2018-04-02,248.85359839306918,188.37025156111906,312.7337530974894
2018-04-03,246.1247952295412,184.09091598689582,307.2617713568338
2018-04-04,240.72609048768842,181.81971361947657,300.95882703355994
2018-04-05,232.75452981962871,175.4515856570818,292.2536391368545
2018-04-06,228.03457399131682,168.53662941809807,287.69749722411007
2018-04-07,191.32653880212916,131.4153689912776,253.4878962873735
2018-04-08,202.02737246900085,144.83856223225976,265.3684064853575
2018-04-09,244.5651335663835,180.22348025392938,302.0206212933683
2018-04-10,243.58870317918692,185.98407994905781,306.75491031791086
2018-04-11,240.01292206497024,179.68938603175846,302.08473228146426
2018-04-12,233.89557012007631,172.3348120435581,297.9209265113451
2018-04-13,231.0221680391309,170.3157445791776,293.3129831272975
2018-04-14,196.11552834526907,131.0865893961037,260.599664968274
2018-04-15,208.53757845857058,145.69724844246196,268.9986714457443
2018-04-16,252.68478710122872,196.37523946255922,314.827600885774
2018-04-17,253.17869933619355,191.85252790444935,313.16555801591574
2018-04-18,250.91174698300665,190.59173921784776,317.6703359700432
2018-04-19,245.92473266504592,182.11152496317132,307.78558986568083
2018-04-20,243.99195391687473,187.23995100069226,304.00260178472445
2018-04-21,209.83088701841106,144.41989477682526,270.9777416221351
2018-04-22,222.80395184880769,162.06341450398315,283.49985348172584
2018-04-23,267.31369381079867,205.7401262847,330.3479800229743
2018-04-24,267.992898796185,207.32954960186964,330.5620265871433
2018-04-25,265.7498241453395,205.16097436635144,328.4973492044683
2018-04-26,260.64496503340774,198.77688439855842,319.998952010003
2018-04-27,258.4753481495803,198.3936034162431,319.54202157006705
2018-04-28,223.9833011817284,161.49016494615574,292.31239291082534
2018-04-29,236.55725070917828,170.65073258764255,294.8068124036992
2018-04-30,280.6259173034421,221.38091247285132,341.2340597830086
2018-05-01,280.84745694022035,219.6914147314138,342.2224821710602
2018-05-02,278.1537641164857,215.2204976869556,339.66521321211127
2018-05-03,272.62638682561237,212.41726900565192,335.36661312340556
2018-05-04,270.08007326575375,208.03534359819443,329.2096089471063
2018-05-05,235.27092321257177,167.97677105944987,294.2106354194535
2018-05-06,247.5967167087736,192.7554402178464,308.86425252236216
2018-05-07,291.49080392989407,229.58996597196773,352.6183527225702
2018-05-08,291.6111149265318,233.14348064312819,352.33565807989197
2018-05-09,288.8845084848311,232.83986097466362,351.9438075543555
2018-05-10,283.3829082483612,220.24566486490738,340.3132427148146
2018-05-11,280.9072381885118,216.67832846587672,343.2300909809455
2018-05-12,246.19611705533993,185.32171804792458,302.51575469276514
2018-05-13,258.6268660898501,196.01454396122512,319.17702411661804
2018-05-14,302.6101910094798,241.29994395488086,365.89159776925885
2018-05-15,302.78007039332437,242.6436006355358,363.7713250839197
2018-05-16,300.0390402619019,238.05809498679594,360.8895055599642
2018-05-17,294.4352916242336,234.56038281716135,358.10577547162103
2018-05-18,291.74756080338074,230.29801474442817,355.42309668647937
2018-05-19,256.69474001757516,198.67707535826668,317.38051543374024
2018-05-20,268.6377315090617,206.35184795372413,330.3335680443624
2018-05-21,311.9748773972565,255.03466836765568,374.26097877763704
2018-05-22,311.3324716374839,248.99926428537225,371.16045384961603
2018-05-23,307.61052204441614,250.76479303001443,369.446575894829
2018-05-24,300.8601619451086,238.95850403262284,362.78062205446605
2018-05-25,296.86867924109794,240.41996131146058,361.1804597623201
2018-05-26,260.36908390703,198.88671570166795,320.6193653911051
2018-05-27,270.7417365612342,209.28104236943307,333.1609963890268
2018-05-28,312.4093754675463,250.30481097582407,372.2193755215783
2018-05-29,310.02705921437547,247.95763881487184,369.40613804914386
2018-05-30,304.52720925586794,242.6878313203288,365.5797523241843
2018-05-31,295.99617297077214,232.4005320133513,360.58896007476227
2018-06-01,290.25830031564345,230.63971050191864,355.15512256055706
2018-06-02,252.08448382824704,192.5806537310206,312.626984777929
2018-06-03,260.8927158755848,199.77652879800416,323.1912491741993
2018-06-04,301.14203332485476,234.81702429855488,362.1330214435989
2018-06-05,297.5214002327768,236.47949849824207,361.719578321837
2018-06-06,290.9937455790197,235.64073024672618,357.7618933788412
2018-06-07,281.6716079946246,218.9283644465792,341.5070178043572
2018-06-08,275.4004093361434,214.85711525719086,337.7266351890287
2018-06-09,236.96633220002508,175.195582690991,297.64014887301204
2018-06-10,245.79637638120386,184.93184813271645,307.1039956558416
2018-06-11,286.35198065688877,224.39305925546807,345.5281946297141
2018-06-12,283.31777128005973,222.27226989716382,344.5977394326746
2018-06-13,277.64565922035376,217.0904917977633,337.38104382984375
2018-06-14,269.4307371826538,209.29906380079345,330.5000407693932
2018-06-15,264.4949914054657,200.80100537565139,332.48237681559283
2018-06-16,227.59579076275327,161.40819278397817,288.5837030171593
2018-06-17,238.12671025751408,178.6780027083425,299.8540375380201
2018-06-18,280.5120525756183,217.76216779399152,339.7045882410231
2018-06-19,279.3966022686339,218.13692070726742,335.2555963688917
2018-06-20,275.6908045158078,214.9263313851969,334.04391745470804
2018-06-21,269.44778706073413,210.45146497101553,326.55531136141326
2018-06-22,266.4482065485492,204.48667592179356,326.9905268309605
2018-06-23,231.40984771892883,166.54139721486555,296.4245146768033
2018-06-24,243.68949923580143,180.93039828862936,303.32696214757317
2018-06-25,287.67843831705517,228.01202247500814,350.0140383531064
2018-06-26,287.9930300021106,225.86880908304272,347.0973431597008
2018-06-27,285.52060796021004,225.72040819254394,344.563415292038
2018-06-28,280.2970348315521,218.20854829576712,344.1498766978933
2018-06-29,278.09190783253075,220.12864585477269,335.97362891061834
2018-06-30,243.61832816136481,179.50582954527067,308.59305102801625
2018-07-01,256.23475396148297,191.75349889277305,316.74546280122036
2018-07-02,300.34027099773095,239.10302545027014,360.3011474240328
2018-07-03,300.56479483146524,236.4710037974317,367.69606188294824
2018-07-04,297.8143850467484,237.22743460453253,356.99313291213304
2018-07-05,292.14808844596655,234.24072587971995,350.56367590293377
2018-07-06,289.36230054824506,228.79183538877825,347.45755527116194
2018-07-07,254.1995914631956,193.9051223834764,315.90019362252457
2018-07-08,266.0495464968319,202.68752595703495,329.7392548593797
2018-07-09,309.3429883392798,254.84547882408444,371.2445231687467
2018-07-10,308.7411283767506,239.3053428882086,365.7002333510874
2018-07-11,305.1798614213718,242.46434207933763,367.92554268874096
2018-07-12,298.7456534372556,237.99089502326706,360.02034485518266
2018-07-13,295.2590421284581,235.89560826122909,357.3265215684836
2018-07-14,259.48272389061026,195.7993419777072,323.3852821445608
2018-07-15,270.8218009298323,212.73232074578158,334.37191545096323
2018-07-16,313.717574106317,250.21546802724137,377.0402388398039
2018-07-17,312.83644240337645,251.0561300480808,378.0977182682711
2018-07-18,309.1141308888859,246.47102449349347,374.2359821013939
2018-07-19,302.6316982752478,237.09568853399998,369.5486970847812
2018-07-20,299.1993393630145,236.4686861078804,358.1476220151159
2018-07-21,263.5649453115089,208.3519216012455,326.3565776296363
2018-07-22,275.1149793225163,212.6480900564621,332.91234976568313
2018-07-23,318.2690319289908,260.2559844577626,386.40050857676584
2018-07-24,317.66959093521183,255.50429427955794,382.35510173932175
2018-07-25,314.22721836821205,253.41362588853812,376.63902254288064
2018-07-26,307.9975533117973,240.97917985741586,367.52028743541933
2018-07-27,304.766121989839,243.96736848436433,366.93932608714965
2018-07-28,269.25788352991987,211.68752584435452,329.8369469888643
2018-07-29,280.8390350119224,223.76379122025463,344.66043368215304
2018-07-30,323.9124076489705,260.3868918653002,383.86407861041806
2018-07-31,323.10795951676386,263.218404545011,379.57001302294805
2018-08-01,319.3285312517147,262.4457959674159,379.5016994098049
2018-08-02,312.6272622298758,256.0319765801199,376.19444008386665
2018-08-03,308.79263254569474,246.1898925152435,369.58492312937636
2018-08-04,272.558049062718,212.063393061554,339.18330721998586
2018-08-05,283.30349526077964,218.40861245210803,342.28279165239246
2018-08-06,325.450579318035,264.67029053742704,387.9394658137568
2018-08-07,323.65249489369774,260.95942251359276,386.00722683117897
2018-08-08,318.8390763146706,262.9447151029068,378.3655609619507
2018-08-09,311.09336677939854,252.91519300280396,371.9402920817267
